key,chara,degree,not,score,category
つっぱる,,とても,,0,1
つっぱる,,とても,ない,6,1
つっぱる,,かなり,,0,1
つっぱる,,かなり,ない,6.5,1
つっぱる,,すごく,,0,1
つっぱる,,すごく,ない,6,1
つっぱる,,少し,,2,1
つっぱる,,少し,ない,5,1
つっぱる,,若干,,2,1
つっぱる,,若干,ない,4.5,1
つっぱる,,ちょっと,,2,1
つっぱる,,ちょっと,ない,4,1
つっぱる,,,,1,1
つっぱる,,,ない,5,1
突っ張る,,とても,,0,1
突っ張る,,とても,ない,6,1
突っ張る,,かなり,,0,1
突っ張る,,かなり,ない,6.5,1
突っ張る,,すごく,,0,1
突っ張る,,すごく,ない,6,1
突っ張る,,少し,,2,1
突っ張る,,少し,ない,5,1
突っ張る,,若干,,2,1
突っ張る,,若干,ない,4.5,1
突っ張る,,ちょっと,,2,1
突っ張る,,ちょっと,ない,4,1
突っ張る,,,,1,1
突っ張る,,,ない,5,1
うるおい,物足りない,全く,,0.5,1
潤う,,全く,ない,0.5,1
潤う,,,ない,1.3,1
潤う,続く,,ない,1.5,1
潤う,,ほとんど,ない,1.5,1
潤う,奥,,ない,2,1
潤う,,あまり,ない,2.5,1
潤う,,すごく,ない,2.5,1
潤う,物足りない,若干,,2.8,1
潤う,物足りない,少し,,2.8,1
潤う,物足りない,,,2.5,1
潤う,もっちり,,ない,3,1
潤う,,ものすごく,ない,3,1
潤う,,そこそこ,,4,1
潤う,,それなり,,4,1
潤う,,ちょうど良い,,5,1
潤う,,すっきり,,4.5,1
潤う,,ほどよい,,5,1
潤う,ふっくら,,,4.5,1
潤う,戻る,,,4.5,1
潤う,さっぱり,,,4.5,1
潤う,ぺた,,,4.5,1
潤う,みずみずしい,,,4.7,1
潤う,,,,5,1
潤う,,すぐ,,5,1
潤う,もっちり,,,5,1
潤う,やわらかい,,,5,1
浸透,奥,,,5,1
潤う,持続,,,5,1
潤う,気持ちいい,,,5,1
潤う,柔らかい,,,5,1
潤う,艶,,,5,1
潤う,,きちんと,,5.5,1
潤う,,ぐいぐい,,5.5,1
潤う,,すぐ,,5.5,1
潤う,しっとり,すぐ,,5.5,1
潤う,,ちゃんと,,5.5,1
潤う,,予測以上,,5.5,1
潤う,,たっぷり,,5.5,1
潤う,内側,,,5.5,1
潤う,１日,,,5.5,1
潤う,奥,,,5.5,1
潤う,しっとり,,,5.7,1
潤う,,しっかり,,5.8,1
潤う,,とても,,6,1
潤う,つやつや,とても,,6,1
潤う,,ぐんぐん,,6,1
潤う,,充分,,6,1
潤う,,結構,,6,1
潤う,,十分,,6,1
潤う,,瞬時,,6,1
潤う,,頼もしい,,6,1
潤う,細胞の深いところ,,,6,1
潤う,奥,,,6,1
潤う,角質層,,,6,1
潤う,,かなり,,6.5,1
潤う,しっとり,かなり,,6.5,1
潤う,,とっても,,6.5,1
潤う,乳液,,,6.5,1
うるおう,,全く,ない,0.5,1
うるおう,,,ない,1.3,1
うるおう,続く,,ない,1.5,1
うるおう,,ほとんど,ない,1.5,1
うるおう,奥,,ない,2,1
うるおう,,あまり,ない,2.5,1
うるおう,,すごく,ない,2.5,1
うるおう,物足りない,若干,,2.8,1
うるおう,物足りない,少し,,2.8,1
うるおう,物足りない,,,2.5,1
うるおう,もっちり,,ない,3,1
うるおう,,ものすごく,ない,3,1
うるおう,,そこそこ,,4,1
うるおう,,それなり,,4,1
うるおう,,ちょうど良い,,5,1
うるおう,,すっきり,,4.5,1
うるおう,,ほどよい,,5,1
うるおう,ふっくら,,,4.5,1
うるおう,戻る,,,4.5,1
うるおう,さっぱり,,,4.5,1
うるおう,ぺた,,,4.5,1
うるおう,みずみずしい,,,4.7,1
うるおう,,,,5,1
うるおう,,すぐ,,5,1
うるおう,もっちり,,,5,1
うるおう,やわらかい,,,5,1
うるおう,奥,,,5,1
うるおう,持続,,,5,1
うるおう,気持ちいい,,,5,1
うるおう,柔らかい,,,5,1
うるおう,艶,,,5,1
うるおう,,きちんと,,5.5,1
うるおう,,ぐいぐい,,5.5,1
うるおう,,すぐ,,5.5,1
うるおう,しっとり,すぐ,,5.5,1
うるおう,,ちゃんと,,5.5,1
うるおう,,予測以上,,5.5,1
うるおう,,たっぷり,,5.5,1
うるおう,内側,,,5.5,1
うるおう,１日,,,5.5,1
うるおう,奥,,,5.5,1
うるおう,しっとり,,,5.7,1
うるおう,,しっかり,,5.8,1
うるおう,,とても,,6,1
うるおう,つやつや,とても,,6,1
うるおう,,ぐんぐん,,6,1
うるおう,,充分,,6,1
うるおう,,結構,,6,1
うるおう,,十分,,6,1
うるおう,,瞬時,,6,1
うるおう,,頼もしい,,6,1
うるおう,細胞の深いところ,,,6,1
うるおう,奥,,,6,1
うるおう,角質層,,,6,1
うるおう,,かなり,,6.5,1
うるおう,しっとり,かなり,,6.5,1
うるおう,,とっても,,6.5,1
うるおう,乳液,,,6.5,1
潤い,,全く,ない,0.5,1
潤い,,,ない,1.3,1
潤い,続く,,ない,1.5,1
潤い,,ほとんど,ない,1.5,1
潤い,奥,,ない,2,1
潤い,,あまり,ない,2.5,1
潤い,,すごく,ない,2.5,1
潤い,物足りない,若干,,2.8,1
潤い,物足りない,少し,,2.8,1
潤い,物足りない,,,2.5,1
潤い,もっちり,,ない,3,1
潤い,,ものすごく,ない,3,1
潤い,,そこそこ,,4,1
潤い,,それなり,,4,1
潤い,,ちょうど良い,,5,1
潤い,,すっきり,,4.5,1
潤い,,ほどよい,,5,1
潤い,ふっくら,,,4.5,1
潤い,戻る,,,4.5,1
潤い,さっぱり,,,4.5,1
潤い,ぺた,,,4.5,1
潤い,みずみずしい,,,4.7,1
潤い,,,,5,1
潤い,,すぐ,,5,1
潤い,もっちり,,,5,1
潤い,やわらかい,,,5,1
潤い,奥,,,5,1
潤い,持続,,,5,1
潤い,気持ちいい,,,5,1
潤い,柔らかい,,,5,1
潤い,艶,,,5,1
潤い,,きちんと,,5.5,1
潤い,,ぐいぐい,,5.5,1
潤い,,すぐ,,5.5,1
潤い,しっとり,すぐ,,5.5,1
潤い,,ちゃんと,,5.5,1
潤い,,予測以上,,5.5,1
潤い,,たっぷり,,5.5,1
潤い,内側,,,5.5,1
潤い,１日,,,5.5,1
潤い,奥,,,5.5,1
潤い,しっとり,,,5.7,1
潤い,,しっかり,,5.8,1
潤い,,とても,,6,1
潤い,つやつや,とても,,6,1
潤い,,ぐんぐん,,6,1
潤い,,充分,,6,1
潤い,,結構,,6,1
潤い,,十分,,6,1
潤い,,瞬時,,6,1
潤い,,頼もしい,,6,1
潤い,細胞の深いところ,,,6,1
潤い,奥,,,6,1
潤い,角質層,,,6,1
潤い,,かなり,,6.5,1
潤い,しっとり,かなり,,6.5,1
潤い,,とっても,,6.5,1
潤い,乳液,,,6.5,1
うるおい,,全く,ない,0.5,1
うるおい,,,ない,1.3,1
うるおい,続く,,ない,1.5,1
うるおい,,ほとんど,ない,1.5,1
うるおい,奥,,ない,2,1
うるおい,,あまり,ない,2.5,1
うるおい,,すごく,ない,2.5,1
うるおい,物足りない,若干,,2.8,1
うるおい,物足りない,少し,,2.8,1
うるおい,物足りない,,,2.5,1
うるおい,もっちり,,ない,3,1
うるおい,,ものすごく,ない,3,1
うるおい,,そこそこ,,4,1
うるおい,,それなり,,4,1
うるおい,,ちょうど良い,,5,1
うるおい,,すっきり,,4.5,1
うるおい,,ほどよい,,5,1
うるおい,ふっくら,,,4.5,1
うるおい,戻る,,,4.5,1
うるおい,さっぱり,,,4.5,1
うるおい,ぺた,,,4.5,1
うるおい,みずみずしい,,,4.7,1
うるおい,,,,5,1
うるおい,,すぐ,,5,1
うるおい,もっちり,,,5,1
うるおい,やわらかい,,,5,1
うるおい,奥,,,5,1
うるおい,持続,,,5,1
うるおい,気持ちいい,,,5,1
うるおい,柔らかい,,,5,1
うるおい,艶,,,5,1
うるおい,,きちんと,,5.5,1
うるおい,,ぐいぐい,,5.5,1
うるおい,,すぐ,,5.5,1
うるおい,しっとり,すぐ,,5.5,1
うるおい,,ちゃんと,,5.5,1
うるおい,,予測以上,,5.5,1
うるおい,,たっぷり,,5.5,1
うるおい,内側,,,5.5,1
うるおい,１日,,,5.5,1
うるおい,奥,,,5.5,1
うるおい,しっとり,,,5.7,1
うるおい,,しっかり,,5.8,1
うるおい,,とても,,6,1
うるおい,つやつや,とても,,6,1
うるおい,,ぐんぐん,,6,1
うるおい,,充分,,6,1
うるおい,,結構,,6,1
うるおい,,十分,,6,1
うるおい,,瞬時,,6,1
うるおい,,頼もしい,,6,1
うるおい,細胞の深いところ,,,6,1
うるおい,奥,,,6,1
うるおい,角質層,,,6,1
うるおい,,かなり,,6.5,1
うるおい,しっとり,かなり,,6.5,1
うるおい,,とっても,,6.5,1
うるおい,乳液,,,6.5,1
保湿効果,皆無,本当,,0.5,1
保湿,,,ない,1,1
保湿力,,,ない,1,1
保湿力,,あまり,ない,2,1
保湿,期待,余り,ない,2,1
保湿,物足りない,全く,,2,1
保湿効果,物足りない,ちょっと,,3,1
保湿,物足りない,全然,,2,1
保湿,物足りない,,,2.25,1
保湿,効果,あまり,ない,2.5,1
保湿力,,さほど,ない,2.5,1
保湿感,物足りない,,,2.5,1
保湿力,いまいち,,,2.5,1
保湿効果,,まずまず,,3.5,1
保湿力,低い,,ない,3.5,1
保湿,悪い,,ない,4,1
保湿成分,安心,しっかり,,4.5,1
保湿力,,少し,,4.5,1
保湿感,続く,そこそこ,,4.5,1
保湿感,気に入る,ちょうど良い,,4.5,1
保湿感,,程よい,,4.5,1
保湿力,,程よい,,4.5,1
保湿,,ほどよく,,4.5,1
保湿感,丁度いい,,,4.5,1
保湿成分,天然,,,4.5,1
保湿力,,,,4.75,1
保湿力,,なかなか,,4.75,1
保湿効果,,かなり,,5.5,1
保湿,期待,かなり,,5,1
保湿,叶う,しっかり,,5,1
保湿感,絶妙,非常に,,5,1
保湿,バランスを整える,,,5,1
保湿効果,,,,5,1
保湿力,高い,,,5,1
保湿力,抜群,,,5,1
保湿,,,,5.125,1
保湿力,,きちんと,,5.5,1
保湿効果,,しっかり,,5.5,1
保湿力,,すっごい,,5.5,1
保湿効果,期待,とっても,,5.5,1
保湿,気持ちよい,,,5.5,1
保湿感,もっちり,,,5.5,1
保湿効果,納得,,,5.5,1
保湿効果,高い,,,5.5,1
保湿効果,抜群,,,5.5,1
保湿力,大満足,,,5.5,1
保湿力,優れる,,,5.5,1
保湿力,抜群,,,5.8,1
高保湿,,一番,,6,1
保湿,,かなり,,6,1
保湿,,きちんと,,6,1
保湿,,しっかり,,6,1
保湿,,すぐ,,6,1
高保湿,,とても,,6,1
保湿,好き,とても,,6,1
美容保湿成分,配合,,,6,1
保湿,期待以上,,,6,1
保湿,しっとり,,,6,1
保湿成分,吸い付く,しっかり,,6.5,1
保湿,すごい,ここまで,,7,1
しっとり,物足りない,,,2.25,1
しっとり,ムッチリ,,,4.5,1
しっとり,さっぱり,,,5,1
しっとり,,,,5.125,1
しっとり,ふかふか,,,5.5,1
しっとり,お気に入り,,,5.5,1
しっとり,,とても,,5.5,1
しっとり,柔らかい,,,5.5,1
しっとり,ぐんぐん,,,6.5,1
水分,含む,,ない,1.5,1
水分量,満タン,,ない,2,1
水分,離す,,ない,4,1
水分,吸収,しっかり,,4.5,1
水分,蓄える,多く,,4.5,1
水分,補給,ちょっとした,,4.5,1
水分,キープ,,,4.5,1
水分,入る,,,4.5,1
水分,含む,,,4.5,1
水分,入る,しっかり,,5,1
水分,行き届く,しっかり,,5,1
水分,含む,たくさん,,5,1
水分,吸収,ちゃんと,,5,1
水分,蓄える,,,5,1
水分,閉じ込める,,,5,1
水分,整える,,,5,1
水分,UP,,,5,1
水分,逃す,,ない,5,1
水分,蓄える,しっかり,,5.5,1
水分,溜め込む,しっかり,,5.5,1
水分,防ぐ,かなり,,5.5,1
水分,得る,十分,,5.5,1
水分,足りる,十分,,5.5,1
水分,補う,充分,,5.5,1
水分,,たっぷり,,5.5,1
水分,キープ,たっぷり,,5.5,1
水分量,増える,,,5.5,1
水分バランス,キープ,,,6,1
引き締め,キュッとする,,,5,1
,キュッとする,,,4,1
引き締め,感じ,,,5,1
乾燥,パリッと,,,1.5,1
乾燥,進む,,,1.5,1
乾燥,する,,,1.88,1
乾く,物足りない,すぐ,,2,1
乾燥,物足りない,確実に,,2,1
冬,物足りない,もしかしたら,,2,1
乾燥対策,,,ない,2,1
乾燥,物足りない,,,2.25,1
冬,物足りない,,,2.33,1
乾燥,物足りない,少し,,2.5,1
乾燥,物足りない,やや,,2.5,1
夜,物足りない,,,3,1
乾燥,おさまる,だいぶ,,4,1
乾燥,強い,,ない,4,1
乾燥,,とても,,4.5,1
乾燥,改善に効果的,,,4.5,1
乾燥,ひどい,,ない,4.5,1
乾燥,守る,,,4.5,1
乾燥,しにくい,,,4.5,1
乾燥,防ぐ,,,4.5,1
乾燥,感じ,,ない,4.75,1
乾燥,,ほとんど,ない,5,1
乾燥,効果を期待,,,5,1
乾燥,乗り切る,,,5,1
乾燥,,,ない,5.3,1
乾燥,心配,一切,ない,5.5,1
乾燥,,全く,ない,5.5,1
乾燥,効く,よく,,5.5,1
乾燥,気にならない,,,5.5,1
乾燥,しっとり,,,5.5,1
乾燥,役立つ,,,5.5,1
乾燥,良い,,,5.5,1
乾燥,気になる,,ない,5.5,1
乾燥,お気に入り,すごい,ない,6,1
乾燥肌,する,さらに,,1,1
乾燥肌,うるおい,全く,ない,1,1
乾燥肌,合う,,ない,1.5,1
乾燥肌,なる,,,1.5,1
乾燥肌,キツイ,,,1.5,1
乾燥肌,いまひとつ,,,2,1
乾燥肌,おすすめ,,ない,2,1
乾燥肌,さっぱりしすぎ,,,2,1
乾燥肌,物足りない,,,2,1
乾燥肌,メインにできない,,,2,1
乾燥肌,やめた方がいい,,,2,1
乾燥肌,やめといた方がいい,,,2,1
乾燥肌,なる,,,2,1
乾燥肌,物足りない,少々,,2.5,1
乾燥肌,物足りない,少し,,3,1
乾燥肌,気にならない,あまり,,4.5,1
乾燥肌,おすすめ,特に,,5,1
乾燥肌,トラブル,,ない,5,1
乾燥肌,ぴったり,,,5,1
乾燥肌,充分,,,5,1
乾燥肌,しっとり,,,5,1
乾燥肌,入る,どんどん,,5.5,1
乾燥肌,ありがたい,,,5.5,1
乾燥肌,嬉しい,,,5.5,1
乾燥肌,おすすめ,,,5.5,1
乾燥肌,効果的,,,5.5,1
乾燥肌,必須,,,5.5,1
乾燥肌,使える,,,5.5,1
乾燥肌,気にならない,,,5.5,1
乾燥肌,欠かせない,,,5.5,1
乾燥肌,向け,,,5.5,1
乾燥肌,忘れさせてくれる,,,6,1
乾燥肌,お勧め,とても,,6.5,1
乾燥肌,オススメ,是非,,6.5,1
乾燥肌,いい,,,5,1
浸透,入る,全然,ない,1.5,1
浸透,イマイチ,,ない,2,1
浸透,悪い,,,2.166,1
入る,吸い付く,,ない,2.5,1
浸透,時間かかる,結構,,2.5,1
浸透,悪い,ちょっと,,2.5,1
浸透,,あまり,ない,2.5,1
浸透感,物足りない,何となく,,3,1
浸透,物足りない,,,3,1
浸透,感じ,しっかり,ない,3,1
浸透,悪い,,ない,3.5,1
浸透,,ほとんど,,4,1
浸透,悪い,,ない,4,1
入り込む,スッと,,,4.5,1
浸透力,約100倍,,,4.5,1
浸透,吸い込む,すぐ,,4.5,1
浸透,,じっくり,,4.5,1
浸透,きちんと,,,4.5,1
浸透,しっとり,,,4.5,1
浸透,普通,,,4.5,1
浸透,まずまず,,,4.5,1
浸透,早く,,,4.5,1
浸透,,,,4.625,1
浸透力,良い,,,5.92,1
入る,スッと,,,4.83,1
浸透,良い,,,4.83,1
浸透,早い,,,4.875,1
染み込む,ぐんぐん,,,5,1
染み込む,気持ちいい,,,5,1
溶け込む,すっと,,,5,1
浸透率,よい,,,5,1
浸透力,高い,,,5,1
入る,栄養,しっかり,,5,1
入る,,じっくり,,5,1
入る,すっと,,,5,1
入る,スルスル,,,5,1
入る,どんどん,,,5,1
入る,やさしい,,,5,1
入る,肌に,,,5,1
浸透,すーーーっと,すぐ,,5,1
浸透,シュワーっと,すぐ,,5,1
浸透,スッと,素早く,,5,1
浸透,ぐんぐん,,,5,1
浸透,内側,,,5,1
浸透,すっと,,,5,1
浸透,どんどん,,,5,1
浸透,スッと,,,5,1
浸透,実感,,,5,1
浸透,よい,,,5,1
入る,ぐんぐん,,,5.1,1
浸透,奥,,,5.25,1
浸透率,申し分ない,,,5.5,1
浸透力,良い,とにかく,,5.5,1
浸透力,,,,5.5,1
浸透力,,,ない,1,1
浸透,,,ない,1,1
浸透力,すごい,,,5.5,1
浸透力,早い,,,5.5,1
入る,水分,しっかり,,5.5,1
入る,,しっかり,,5.5,1
入る,ぐんぐん,早く,,5.5,1
入る,しっとり,,,5.5,1
入る,すーっと,,,5.5,1
浸透,奥,しっかり,,5.5,1
浸透,,すぐ,,5.5,1
浸透,気持ち良い,とても,,5.5,1
浸透,あっという間,,,5.5,1
高浸透,,,,6,1
浸透力,抜群,,,6,1
浸透,,しっかり,,6,1
浸透,細かい霧,,,6,1
浸透,みるみる,,,6,1
浸透力,すごい,かなり,,6.5,1
なじむ,遅い,少し,,3,1
なじむ,時間がかかる,,,4,1
なじむ,,すごい,,5,1
なじむ,,よく,,4.5,1
なじむ,早い,,,4.5,1
なじむ,,,,4.5,1
なじむ,良い,,,5.375,1
なじむ,,あっという間,,5,1
なじむ,,すぐ,,5,1
なじむ,,すごーく,,5,1
なじむ,浸透,,,5,1
なじむ,しっとり,,,5,1
なじむ,気持ち良い,,,5,1
なじむ,すっと,,,5,1
なじむ,するするっと,,,5,1
なじむ,やさしく,,,5,1
なじむ,すーっと,,,4.96,1
なじむ,よい,すごく,,5.5,1
なじむ,スルスルーっと,,,5.5,1
なじむ,良い,とても,,5.5,1
なじむ,すーーーっと,,,5.5,1
なじむ,柔らかい,,,5.5,1
なじむ,みずみずしい,,,5.5,1
なじむ,,しっかり,,6,1
馴染む,遅い,少し,,3,1
馴染む,時間がかかる,,,4,1
馴染む,,すごい,,5,1
馴染む,,よく,,4.5,1
馴染む,早い,,,4.5,1
馴染む,,,,4.5,1
馴染む,良い,,,5.375,1
馴染む,,あっという間,,5,1
馴染む,,すぐ,,5,1
馴染む,,すごーく,,5,1
馴染む,浸透,,,5,1
馴染む,しっとり,,,5,1
馴染む,気持ち良い,,,5,1
馴染む,すっと,,,5,1
馴染む,するするっと,,,5,1
馴染む,やさしく,,,5,1
馴染む,すーっと,,,4.96,1
馴染む,よい,すごく,,5.5,1
馴染む,スルスルーっと,,,5.5,1
馴染む,良い,とても,,5.5,1
馴染む,すーーーっと,,,5.5,1
馴染む,柔らかい,,,5.5,1
馴染む,みずみずしい,,,5.5,1
馴染む,,しっかり,,6,1
ハリ感,驚くほどの,,ない,1.5,1
ハリ,出る,ちょっと,,4.5,1
ぴん,張る,,,5.5,1
ハリ,与える,,,5.75,1
ハリ,出る,,,5.9,1
ハリ感,アップ,,,6,1
ハリ感,感じる,,,6,1
ハリ感,,,,6,1
ハリツヤ,出る,,,6,1
ハリ,気に入る,,,6,1
ハリ,実感,,,6,1
ハリ,サポート,,,6,1
ハリ,心地よい,,,6,1
ハリ,なめらか,,,6,1
ハリ,戻る,,,6,1
ハリ感,出る,,,6.25,1
ハリ感,ふっくら,,,6.5,1
ハリ,実感,,,6.5,1
ハリ,ふっくら,,,6.5,1
ハリ,みずみずしく潤う,,,6.5,1
ハリ,もっちり,,,6.5,1
モチモチ,皆無,,,1.5,1
もっちり,欠ける,,,2.5,1
もっちり,,,ない,2.5,1
もっちり,,少し,,3,1
もっちり,潤う,,ない,3.5,1
ふっくら,,,,4.5,1
モチっ,,,,4.5,1
モチ肌,,,,4.5,1
もちもち肌,,,,4.5,1
もっちもち,気持ちいい,,,4.5,1
モッチモチ,,,,4.5,1
モチモチ,続く,,,4.5,1
モチモチ,増す,,,4.5,1
モチモチ,持続,,,4.5,1
モチモチ,導く,,,4.5,1
モチモチ,しっとり,,,4.5,1
モチモチ,気持ちいい,,,4.5,1
モチモチ,ウルウル,,,4.5,1
もちもち,続く,,,4.5,1
もちもち,増す,,,4.5,1
もちもち,持続,,,4.5,1
もちもち,導く,,,4.5,1
もちもち,しっとり,,,4.5,1
もちもち,気持ちいい,,,4.5,1
もちもち,ウルウル,,,4.5,1
もっちり,,段々,,4.5,1
もっちり,潤う,,,4.5,1
もっちり,気持ちいい,,,4.5,1
もっちり,実感,,,4.5,1
もっちり,艶,,,4.5,1
モチモチ,,,,4.84,1
もっちり,しっとり,,,4.75,1
もっちり,吸いつく,,,4.75,1
もっちり,,,,4.79,1
もっちり,柔らかい,,,4.83,1
ふっくら,柔らかい,,,5,1
モチっ,しっとり,,,5,1
モチモチ,,いつもより,,5,1
モチモチ,変わる,,,5,1
モチモチ,白肌,,,5,1
モチモチ,柔らかい,,,5,1
もっちり,ふっくら,少し,,5,1
もっちり,アップ,,,5,1
もっちり,サラサラ,,,5,1
もっちり,奥,,,5,1
もっちり,吸い付く,,,5,1
もっちり,弾力,,,5,1
もっちり,みずみずしい,,,5,1
もっちり,軟らかい,,,5,1
モチモチ,,すごく,,5.5,1
モチモチ,,とっても,,5.5,1
モチモチ,,とても,,5.5,1
モチモチ,引っ付く,,,5.5,1
もちもち,,すごく,,5.5,1
もちもち,,とっても,,5.5,1
もちもち,,とても,,5.5,1
もちもち,引っ付く,,,5.5,1
もっちり,,すごく,,5.5,1
もっちり,しっとり,驚くほど,,5.5,1
もっちり,しっとり,凄く,,5.5,1
もっちり,,きちんと,,5.5,1
もっちり,内側,,,5.5,1
もっちり,驚く,,,5.5,1
もっちり,保湿感,,,5.5,1
もっちり,しっとり,かなり,,6,1
みずみずしい,しっとり,ほどよく,,4.5,1
みずみずしい,,本当,,4.5,1
みずみずしい,透明感,,,4.5,1
みずみずしい,ハリ肌,,,4.5,1
みずみずしい,気持ちいい,,,4.5,1
みずみずしい,,,,4,1
みずみずしい,,かなり,,5,1
みずみずしい,満たす,,,5,1
みずみずしい,しっとり,,,5,1
みずみずしい,軽い,,,5,1
みずみずしい,透明肌,,,5,1
みずみずしい,,とても,,5.5,1
みずみずしい,潤い,濃密,,5.5,1
みずみずしい,さっぱり,,,5.5,1
みずみずしい,保つ,,,6,1
みずみずしい,,とっても,,6.5,1
みずみずしい,,,,4.5,1
みずみずしい,さっぱり,,,5.5,1
みずみずしい,サラサラ,,,5.5,1
みずみずしい,,とても,,5.5,1
みずみずしい,,とっても,,6,1
吸い込む,グングン,,ない,1,1
吸い込む,悪い,,,1,1
吸い込む,全部,,,2.5,1
吸い込む,,幾らでも,,3,1
吸い込む,,しっかり,,5,1
吸い込む,スルスル,,,3,1
吸い込む,さらさら,,,3.5,1
吸い込む,すっと,,,4,1
吸い込む,,すぐ,,4.25,1
吸い込む,ぐーーーん,,,4.5,1
吸い込む,ぐいぐい,,,4.5,1
吸い込む,密着,,,4.5,1
吸い込む,入る,,,4.5,1
吸収,,よく,,5,1
吸い込む,浸透,すぐ,,5,1
吸い込む,浸透,,,5,1
吸い込む,スーッと,,,5.36,1
吸い込む,す〜っと,,,5.5,1
吸い込む,自然,,,5.5,1
吸い込む,ぐんぐん,,,5.67,1
吸い込む,,,,6,1
吸い付く,,,ない,1.5,1
吸い付く,ペタペタ,,,2.5,1
吸い付く,ペッタン,,,2.5,1
吸い付く,保湿成分,しっかり,,4,1
吸い付く,実感,,,4,1
吸い付く,,,,4.75,1
吸い付く,もっちり感,,,5,1
吸い付く,ぴったり,,,5,1
吸い付く,もっちり,,,5,1
吸い付く,しっとり感,,,5.5,1
吸い付く,潤い感,,,5.5,1
吸い付く,もっちり肌,,,5.5,1
吸い付く,モチモチ,,,5.75,1
吸い付く,,しっかり,,6,1
吸い付く,続く,,,6,1
吸い付く,仕上がり,,,6,1
吸い付く,嬉しい,,,6,1
吸い付く,浸透,,,6,1
吸い付く,心地よい,,,6,1
吸い付く,しっとり,,,6.5,1
紫外線ダメージ,ケア,,,2.5,2
紫外線対策,期待,,,3,2
日焼け,安心,,,3.5,2
紫外線,効く,,,3.5,2
紫外線,対策,,,3.5,2
紫外線,予防,,,3.5,2
紫外線,ダメージケア,,,4,2
紫外線,防止,,,4,2
紫外線,ほっと,,,4,2
紫外線,守る,,,4,2
UV効果,天然,,,4.5,2
紫外線,ぴったり,,,4.5,2
紫外線,元気,,,4.5,2
紫外線,いい,,,4.75,2
美白,わからない,,,1.5,2
美白,,あまり,ない,2,2
白肌,,あまり,ない,2,2
白,期待,,,3,2
美白,期待,,,3,2
美白ケア,期待,,,3.5,2
美白,,,,4.33,2
美白ケア,優しい,,,4.5,2
美白ケア,安心,,,5,2
美白,,,ない,1,2
美白,全く,,ない,0,2
美白,全然,,ない,0,2
美白,一つも,,ない,0,2
美白,かなり,,,7,2
美白,とても,,,7,2
美白,すごく,,,7,2
透明感,みずみずしい,,,3.25,2
透明感,でる,少し,,3.5,2
透明感,生まれる,,,3.5,2
透明感,清々しい,,,3.5,2
透明感,サラサラ,,,4,2
透明感,,,,4.17,2
透明感,出る,,,5,2
透明感,アップ,,,4.5,2
透明感,驚くほど,,,4.5,2
透明感,大感激,,,4.5,2
透明感,保つ,,,4.5,2
透明感,増す,,,4.5,2
透明感,出る,少しずつ,,4.5,2
透明感,くすみ,,ない,5,2
くすみ,改善,なかなか,ない,1.5,2
くすみ,抜く,,ない,1.5,2
くすみ,効果,,ない,2,2
くすみ,飛ぶ,少し,,3,2
くすみ,薄い,,,3,2
くすみ,軽減,なんとなし,,3.5,2
くすみ,改善,,,3.5,2
くすみ,効果,,,3.5,2
くすみ,とる,,,3.5,2
くすみ,良い,,,3.5,2
くすみ,減る,,,3.5,2
くすみ,防止,,,3.5,2
くすみ,抜く,,,3.75,2
くすみ,,,ない,3.83,2
くすみ,,ほとんど,ない,4,2
くすんだ肌,明るい,,,4,2
くすみ,気になる,,ない,4,2
くすみ,軽減,,,4,2
くすみ,除去効果,,,4,2
くすみ,対策,,,4,2
くすみ,取れる,すごい勢い,,4.5,2
くすみ,薄い,だいぶ,,4.5,2
くすみ,透明感,,,4.5,2
落ちる,メイク,とても,,6.5,3
落ちる,メイク,かなり,,6.5,3
落ちる,メイク,かなり,ない,0,3
落ちる,メイク,すごく,,6.5,3
落ちる,メイク,すごく,ない,0,3
落ちる,メイク,少し,,5,3
落ちる,メイク,少し,ない,2.5,3
落ちる,メイク,若干,,5,3
落ちる,メイク,若干,ない,2,3
落ちる,メイク,ちょっと,,5,3
落ちる,メイク,ちょっと,ない,2.5,3
落ちる,,,,5.5,3
落ちる,,,ない,2,3
おちる,メイク,とても,,6.5,3
おちる,メイク,かなり,,6.5,3
おちる,メイク,かなり,ない,0,3
おちる,メイク,すごく,,6.5,3
おちる,メイク,すごく,ない,0,3
おちる,メイク,少し,,5,3
おちる,メイク,少し,ない,2.5,3
おちる,メイク,若干,,5,3
おちる,メイク,若干,ない,2,3
おちる,メイク,ちょっと,,5,3
おちる,メイク,ちょっと,ない,2.5,3
おちる,,,,5.5,3
おちる,,,ない,2,3
汚れる,コットン,うっすら,,3.7,3
取り除く,毛穴に残った汚れ,おだやか,,5.2,3
取れる,汚れ,,,5.2,3
拭き取る,,ちゃんと,,5.7,3
落ちる,きれいに,,,5.2,3
落ちる,キレイに,見事,,5.7,3
取れる,汚れ,結構,,5.7,3
角質,実感,あまり,ない,1.7,3
角質除去,つながる,,,2.2,3
角質,取り除く,,,3.7,3
角質除去,実感,,,3.7,3
角質ケア,乾燥,,ない,3.7,3
角質ケア,期待大,,,3.7,3
古い角質,やわらかく,,,3.7,3
角質,とれてる,,,3.95,3
角質除去,効果,,,3.95,3
角質,拭き取る,,,4.2,3
角質,,,,4.2,3
角質,引き締まった,,,4.2,3
角質除去,手軽,,,4.2,3
余分な角質,オフ,,,4.2,3
余分な角質,取り除く,,,4.2,3
角質ケア,手軽,,,4.2,3
角質層,バリア機能をサポート,,,4.2,3
角質層,浸透,,,4.2,3
角質層,整える,,,4.2,3
古い角質,オフ,,,4.2,3
古い角質,拭き取る,,,4.2,3
古い角質,取る,,,4.2,3
古い角質,取り除く,,,4.2,3
古い角質,落とす,,,4.2,3
角質,拭き取る,しっかり,,4.7,3
角質,綺麗,,,4.7,3
角質,ケア,,,4.7,3
角質ケア,,しっかり,,4.7,3
角質ケア,簡単,,,4.7,3
角質ケア,刺激,,ない,4.7,3
古い角質,きれいにとる,,,4.7,3
古い角質,優しくOFF,,,4.7,3
古い角質,とる,しっかり,,4.7,3
角質ケア,すっきり,,,5.2,3
角質ケア,スッキリ,,,5.2,3
毛穴,効果,特に,ない,0.2,3
毛穴,効果,,ない,0.7,3
毛穴ケア,見込めない,,,0.7,3
毛穴汚れ,落とす,,ない,1.2,3
毛穴,,ほとんど,ない,1.2,3
毛穴,目立つ,,,1.2,3
毛穴の引き締め効果,わからない,,,1.7,3
毛穴,わからない,いまいち,,1.7,3
毛穴,わからない,,,1.2,3
毛穴,,急に,,2.2,3
毛穴,取れない,,,2.2,3
毛穴の開き,気になる,,ない,3.2,3
毛穴,小さい,少し,,3.2,3
毛穴の広がり,目立たない,,,3.7,3
毛穴引き締め効果,,,,3.7,3
毛穴,きれい,,,3.7,3
毛穴,キュッと,,,3.7,3
毛穴,広がらない,,,3.7,3
毛穴,ボツボツ,,ない,3.7,3
毛穴,目立つ,,ない,3.95,3
毛穴,小さい,,,4.03,3
毛穴の開き,すっきり,,,4.2,3
毛穴の汚れ,しっかり落とす,,,4.2,3
毛穴汚れ,取り除く,,,4.2,3
毛穴,きゅっ,,,4.2,3
毛穴,効果,,,4.2,3
毛穴,しっかり入る,,,4.2,3
毛穴,すーっとなくなる,,,4.2,3
毛穴,ふっくら艶やか,,,4.2,3
黒ずみ,すっきり落ちる,,,4.7,3
黒ずみ,無い,,,4.7,3
黒ずみ,ない,,,4.7,3
黒ずみ,落ちる,,,4.7,3
毛穴の汚れ,すっきりとる,,,4.7,3
毛穴,効果,なにより,,4.7,3
毛穴,美しい,,,4.7,3
毛穴,気にならない,,,4.7,3
毛穴,ケア,,,4.7,3
毛穴,引き締め,,,4.825,3
毛穴の汚れ,落とす,結構,,5.2,3
毛穴,入る,しっかり,,5.2,3
毛穴レス,,,,4.2,3
サラッ,,比較的,,3.5,5
サラッ,,すぐ,,3,5
サラッ,,適度,,3,5
サラッ,軽い,,,3,5
サラッ,流れる,,,3,5
サラッ,なじむ,,,3,5
サラッ,広がる,,,3,5
サラッ,潤う,,,3,5
サラッ,,,,2.75,5
サラッ,,思った以上,,2.5,5
サラッ,,凄く,,2,5
サラッ,スベスベ,,,2.5,5
サラッ,ベタつきのない,,,1.5,5
さらっ,,比較的,,3.5,5
さらっ,,すぐ,,3,5
さらっ,,適度,,3,5
さらっ,軽い,,,3,5
さらっ,流れる,,,3,5
さらっ,なじむ,,,3,5
さらっ,広がる,,,3,5
さらっ,潤う,,,3,5
さらっ,,,,2.75,5
さらっ,,思った以上,,2.5,5
さらっ,,凄く,,2,5
さらっ,スベスベ,,,2.5,5
さらっ,ベタつきのない,,,1.5,5
サラサラ,気持ちいい,とても,,2.5,5
サラサラ,いい感じ,,,2.5,5
サラサラ,柔らかい,,,2.5,5
サラサラ,,,,2,5
さらさら,気持ちいい,とても,,2.5,5
さらさら,いい感じ,,,2.5,5
さらさら,柔らかい,,,2.5,5
さらさら,,,,2,5
油分量,底辺,本当,,0.5,4
油分,多い,ただ,,1,4
油分,取る,ごっそり,,1,4
油分,多すぎる,,,1,4
油分,気になる,,,1.5,4
油分,崩れる,,,1.5,4
油分,ムラ,,,1.5,4
油分,取る,,,2,4
油分,,,ない,2,4
油分,多い,かなり,,2.5,4
油分,いい,丁度,,4,4
油分,バランス,黄金,,4.5,4
油分,調節,,,4.5,4
油分,バランス,,,4.5,4
油分,残る,きちんと,,5,4
油分,バランス,きちんと,,5,4
油分,バランス,絶妙,,5,4
油分,補う,しっかり,,5,4
油分,オフ,,,5,4
発汗,抑える,,,5,4
べたつく,クリア,,,4.5,4
べたつく,,結構,,0,4
べたつく,,,,0.67,4
べたつく,苦手,,,2,4
べたつく,,多少,,2.5,4
べたつく,,やや,,2.5,4
べたつく,しっとり,,,3,4
べたつく,さっぱり,,ない,5,4
べたつく,,,ない,5,4
べたつく,,全く,ない,5.25,4
べたつく,,特に,ない,5.5,4
べたつく,回避,,,4.5,4
べたつく,嫌,,ない,4.5,4
べたつく,クリア,,,4.5,4
べたつく,,結構,,0,4
べたつく,,,,0.67,4
べたつく,苦手,,,2,4
べたつく,,多少,,2.5,4
べたつく,,やや,,2.5,4
べたつく,しっとり,,,3,4
べたつく,さっぱり,,ない,5,4
べたつく,,,ない,5,4
べたつく,,全く,ない,5.25,4
べたつく,,特に,ない,5.5,4
べたつく,回避,,,4.5,4
べたつく,嫌,,ない,4.5,4
ぺたぺた,,,,2,4
ぺたぺた,,,,2,4
ぺたぺた,,気持ち悪いくらい,,0,4
ぺたぺた,,若干,,2.5,4
ぺたぺた,,若干,,2.5,4
ぺたぺた,,気持ち悪いくらい,,0,4
ベタつく,クリア,,,4.5,4
ベタつく,,結構,,0,4
ベタつく,,,,0.67,4
ベタつく,苦手,,,2,4
ベタつく,,多少,,2.5,4
ベタつく,,やや,,2.5,4
ベタつく,しっとり,,,3,4
ベタつく,さっぱり,,ない,5,4
ベタつく,,,ない,5,4
ベタつく,,全く,ない,5.25,4
ベタつく,,特に,ない,5.5,4
ベタつく,回避,,,4.5,4
ベタつく,嫌,,ない,4.5,4
ベタつく,クリア,,,4.5,4
ベタつく,,結構,,0,4
ベタつく,,,,0.67,4
ベタつく,苦手,,,2,4
ベタつく,,多少,,2.5,4
ベタつく,,やや,,2.5,4
ベタつく,しっとり,,,3,4
ベタつく,さっぱり,,ない,5,4
ベタつく,,,ない,5,4
ベタつく,,全く,ない,5.25,4
ベタつく,,特に,ない,5.5,4
ベタつく,回避,,,4.5,4
ベタつく,嫌,,ない,4.5,4
ペタペタ,,,,2,4
ペタペタ,,,,2,4
ペタペタ,,気持ち悪いくらい,,0,4
ペタペタ,,若干,,2.5,4
ペタペタ,,若干,,2.5,4
ペタペタ,,気持ち悪いくらい,,0,4
爽やか,香り,微か,,3,4
爽やか,香り,かすか,,3.5,4
爽やか,香り,ほんの少し,,3.5,4
爽やか,香り,僅か,,3.5,4
さっぱり,瑞々しい,,,4,4
爽やか,香り,ほんのり,,4,4
爽やか,シットリ,,,4,4
爽やか,香り,,,4.18,4
さっぱり,,わりと,,4.5,4
スースー,気持ちいい,,,4.5,4
すーっと,気持ちいい,,,4.5,4
爽快,,,,4.5,4
爽やか,リフレッシュ,,,4.5,4
爽やか,スーッと,,,4.5,4
爽やか,スッキリ,,,4.5,4
爽やか,つけ心地,,,4.5,4
爽やか,ふんわり,,,4.5,4
爽やか,優しい,,,4.5,4
さっぱり,,,ない,1.49,4
さっぱり,,,,4.51,4
爽やか,,,,4.67,4
さっぱり,気持ちいい,,,4.84,4
リフレッシュ,安心,,,5,4
すっきり,気持ちいい,,,5,4
爽やか,ベタつき,,ない,5,4
爽やか,すっきり,すごく,,5,4
爽やか,,とても,,5,4
爽やか,癒す,,,5,4
爽やか,気分,,,5,4
爽やか,,とっても,,5.25,4
爽やか,香り,とても,,5.25,4
さっぱり,気持ちいい,とても,,5.5,4
さっぱり,,かなり,,5.5,4
さっぱり,,とっても,,5.5,4
リフレッシュ,気持ちいい,,,5.5,4
爽やか,薫り,,,5.5,4
爽やか,気持ちいい,,,5.5,4
クールダウン,,,,4.5,4
テカ,,かなり,,0,4
テカ,,とても,,0,4
テカ,,すごく,,0,4
テカ,,めっちゃ,,0,4
テカ,,まあまあ,,1,4
テカ,,まぁまぁ,,1,4
テカ,,やや,,2,4
テカ,,若干,,2,4
テカ,,,,3,4
テカ,,かなり,ない,7,4
テカ,,かなり,ない,7,4
テカ,,すごく,ない,7,4
テカ,,めっちゃ,ない,7,4
テカ,,まあまあ,ない,6,4
テカ,,まぁまぁ,ない,6,4
テカ,,やや,ない,5,4
テカ,,若干,ない,5,4
テカ,,,ない,4.5,4
テカリ,,かなり,,0,4
テカリ,,とても,,0,4
テカリ,,すごく,,0,4
テカリ,,めっちゃ,,0,4
テカリ,,まあまあ,,1,4
テカリ,,まぁまぁ,,1,4
テカリ,,やや,,2,4
テカリ,,若干,,2,4
テカリ,,,,3,4
テカリ,,かなり,ない,7,4
テカリ,,とても,ない,7,4
テカリ,,すごく,ない,7,4
テカリ,,めっちゃ,ない,7,4
テカリ,,まあまあ,ない,6,4
テカリ,,まぁまぁ,ない,6,4
テカリ,,やや,ない,5,4
テカリ,,若干,ない,5,4
テカリ,,,ない,4.5,4
テカり,,かなり,,0,4
テカり,,とても,,0,4
テカり,,すごく,,0,4
テカり,,めっちゃ,,0,4
テカり,,まあまあ,,1,4
テカり,,まぁまぁ,,1,4
テカり,,やや,,2,4
テカり,,若干,,2,4
テカり,,,,3,4
テカり,,かなり,ない,7,4
テカり,,とても,ない,7,4
テカり,,すごく,ない,7,4
テカり,,めっちゃ,ない,7,4
テカり,,まあまあ,ない,6,4
テカり,,まぁまぁ,ない,6,4
テカり,,やや,ない,5,4
テカり,,若干,ない,5,4
テカり,,,ない,4.5,4
テカる,,かなり,,0,4
テカる,,とても,,0,4
テカる,,すごく,,0,4
テカる,,めっちゃ,,0,4
テカる,,まあまあ,,1,4
テカる,,まぁまぁ,,1,4
テカる,,やや,,2,4
テカる,,若干,,2,4
テカる,,,,3,4
テカる,,かなり,ない,7,4
テカる,,とても,ない,7,4
テカる,,すごく,ない,7,4
テカる,,めっちゃ,ない,7,4
テカる,,まあまあ,ない,6,4
テカる,,まぁまぁ,ない,6,4
テカる,,やや,ない,5,4
テカる,,,ない,4.5,4
テカる,,若干,ない,5,4
とろみ,,一切,ない,1.5,5
とろみ,,それほど,ない,2.5,5
とろみ,,,ない,3,5
とろみ,苦手,,,3.5,5
とろみ,浸透,,ない,3.5,5
とろみ,,あまり,ない,4.5,5
とろみ,,少〜し,,4.5,5
とろみ,ある,すこーし,,4.5,5
とろみ,あるようなないような,,,4.5,5
とろみ,感じる,少し,,5,5
とろみ,ある,少し,,5,5
とろみ,ある,ほんの少し,,4.5,5
とろみ,ある,ほんのすこし,,4.5,5
とろみ,ある,ほんのり,,5,5
とろみ,悪い,,ない,5,5
とろみ,,,,5.1,5
とろみ,ある,結構,,6,5
とろみ,ある,若干,,5.5,5
とろみ,ある,やや,,5.5,5
とろみ,感じる,わずか,,5.5,5
とろみ,しっとり,,,5.5,5
とろみ,濃密,,,5.5,5
とろみ,ある,,,5.585,5
とろみ,ある,かなり,,6,5
とろみ,ある,充分,,6,5
とろみ,ある,とても,,6,5
とろみ,ある,程よく,,5.5,5
とろみ,こっくり,,,6,5
とろみ,気持ちいい,,,6,5
とろみ,濃厚,,,6,5
とろみ,強い,,,6.5,5
とろみ,なめらか,とっても,,7,5
トロミ,,一切,ない,1.5,5
トロミ,,それほど,ない,2.5,5
トロミ,,,ない,3,5
トロミ,苦手,,,3.5,5
トロミ,浸透,,ない,3.5,5
トロミ,,あまり,ない,4.5,5
トロミ,,少〜し,,4.5,5
トロミ,ある,すこーし,,4.5,5
トロミ,あるようなないような,,,4.5,5
トロミ,感じる,少し,,5,5
トロミ,ある,少し,,5,5
トロミ,ある,ほんの少し,,4.5,5
トロミ,ある,ほんのすこし,,4.5,5
トロミ,ある,ほんのり,,5,5
トロミ,悪い,,ない,5,5
トロミ,,,,5.1,5
トロミ,ある,結構,,6,5
トロミ,ある,若干,,5.5,5
トロミ,ある,やや,,5.5,5
トロミ,感じる,わずか,,5.5,5
トロミ,しっとり,,,5.5,5
トロミ,濃密,,,5.5,5
トロミ,ある,,,5.585,5
トロミ,ある,かなり,,6,5
トロミ,ある,充分,,6,5
トロミ,ある,とても,,6,5
トロミ,ある,程よく,,5.5,5
トロミ,こっくり,,,6,5
トロミ,気持ちいい,,,6,5
トロミ,濃厚,,,6,5
トロミ,強い,,,6.5,5
トロミ,なめらか,とっても,,7,5
とろり,馴染む,,,6,5
とろり,,,,6,5
とろっと,,,,5.84,5
とろっと,,少し,,4,5
とろっと,,やや,,4,5
とろっと,,若干,,4,5
とろっと,,かなり,,7,5
とろっと,,すごく,,7,5
とろっと,,めっちゃ,,7,5
トロッと,,,,5.84,5
トロッと,,少し,,4,5
トロッと,,やや,,4,5
トロッと,,若干,,4,5
トロッと,,かなり,,7,5
トロッと,,すごく,,7,5
トロッと,,めっちゃ,,7,5
トロ,,,,5.84,5
トロ,,少し,,4,5
トロ,,やや,,4,5
トロ,,若干,,4,5
トロ,,かなり,,7,5
トロ,,すごく,,7,5
トロ,,めっちゃ,,7,5
とろっと,,,ない,1,5
とろっと,,少し,ない,2,5
とろっと,,やや,ない,2,5
とろっと,,若干,ない,2,5
とろっと,,かなり,ない,0,5
とろっと,,すごく,ない,0,5
とろっと,,めっちゃ,ない,0,5
トロッと,,,ない,1,5
トロッと,,少し,ない,2,5
トロッと,,やや,ない,2,5
トロッと,,若干,ない,2,5
トロッと,,かなり,ない,0,5
トロッと,,すごく,ない,0,5
トロッと,,めっちゃ,ない,0,5
トロ,,,ない,1,5
トロ,,少し,ない,2,5
トロ,,やや,ない,2,5
トロ,,若干,ない,2,5
トロ,,かなり,ない,0,5
トロ,,すごく,ない,0,5
トロ,,めっちゃ,ない,0,5
とろーん,,,,5.5,5
とろ〜っ,,,,5.5,5
トローン,,,,5.5,5
サラサラ,,とても,,2.5,5
サラサラ,,本当,,2,5
サラッ,,程よい,,2.5,5
サラッ,清潔感,とても,,2.5,5
サラッ,軽い,,,2.5,5
サラサラ,ベタつきのない,,,2.5,5
サラッ,良い感じ,,,2.5,5
サラッ,しっとり,,,2.5,5
サラリ,使用感,,,2.8,5
サラサラ,透明,,,2.5,5
サラサラ,水のような,,,2.5,5
サラサラ,テクスチャー,,,2.5,5
サラッ,テクスチャー,,,2.5,5
サラッ,使い心地,,,3,5
サラッ,使用感,,,2.5,5
サラッ,感触,,,2.5,5
サラリ,テクスチャー,,,2.5,5
さらさら,,とても,,2.5,5
さらさら,,本当,,2,5
さらっ,,程よい,,2.5,5
さらっ,清潔感,とても,,2.5,5
さらっ,軽い,,,2.5,5
さらさら,ベタつきのない,,,2.5,5
さらっ,良い感じ,,,2.5,5
さらっ,しっとり,,,2.5,5
さらり,使用感,,,2.8,5
さらさら,透明,,,2.5,5
さらさら,水のような,,,2.5,5
さらさら,テクスチャー,,,2.5,5
さらっ,テクスチャー,,,2.5,5
さらっ,使い心地,,,3,5
さらっ,使用感,,,2.5,5
さらっ,感触,,,2.5,5
さらり,テクスチャー,,,2.5,5
シャバシャバ,,,,2.5,5
あっさり,,,,2.5,5
ヒリ,,,ない,6,6
ヒリ,,かなり,ない,7,6
ヒリ,,,,0.5,6
ヒリ,,かなり,,0,6
肌,優しい,,,6.5,6
肌,優しい,,ない,0.5,6
刺激,アルコール臭,強い,,2.5,6
刺激,,強い,,1,6
刺激,,多々,,1,6
刺激,,,,1,6
ヒリヒリ,,,,1,6
刺激,,若干,,2,6
刺激,少ない,,,6,6
刺激,,全然,ない,6.5,6
刺激,,少ない,,6.5,6
刺激,,,ない,5.46,6
刺激,,一切,ない,7,6
低刺激,ピリピリ,,ない,6,6
低刺激,,,,5,6
刺激,,全く,ない,6,6
低刺激,嬉しい,,,6,6
低刺激,処方,,,6,6
刺激,,,少ない,3,6
刺激,安心,,ない,6,6
低刺激,,優しい,,6,6
弱酸性,整える,,,6,6
刺激,強い,,,1,6
敏感肌,合わ,,ない,1,6
敏感肌,刺激物,割,,4.5,6
敏感肌,,,,6.5,6
敏感肌,使い,やすい,,7,6
敏感肌,しみる,,ない,7,6
敏感肌,大丈夫,,,7,6
敏感肌,安心,,,7,6
刺激,皆無,,,7,6
敏感肌,潤う,充分,,7,6
敏感肌,合う,,,7,6
敏感肌,いい,,,7,6
敏感肌,使える,,,7,6
敏感肌,優しい,,,7,6
敏感肌,使用,,,7,6
敏感肌,落ち着く,,,7,6
敏感肌,安心,とっても,,7,6
オーガニック,優しい,,,7,6
天然成分,たっぷり,,,7,6
天然成分,,,,7,6
プツプツ,出て,細かい,,1.5,7
肌荒れ,気味,,,1.5,7
肌荒れ,,にくい,,5.75,7
肌荒れ,起こる,ほとんど,ない,6,7
肌荒れ,防止,,,6.5,7
肌荒れ,知る,,ない,6.5,7
肌荒れ,トラブル,,ない,6.5,7
肌荒れ,ベタつき,,ない,6.5,7
肌荒れ,起こる,,ない,6.5,7
肌荒れ,予防,,,5.5,7
肌荒れ,予防,最適,,6.5,7
肌荒れ,,,ない,6.5,7
肌荒れ,,全く,ない,6.83,7
肌荒れ,目立つ,,,1.5,7
肌荒れ,ピリピリ,,,1.5,7
肌荒れ,落ち着く,すぐ,ない,3.5,7
肌荒れ,治る,,ない,3.5,7
肌荒れ,落ち着く,少しずつ,,6,7
肌荒れ,使える,多少,,6,7
肌荒れ,使いやすい,,,6,7
肌荒れ,レスキュー,,,6,7
肌荒れ,効果,,,6.5,7
肌荒れ,きく,,,6.5,7
肌荒れ,落ち着く,,,6.5,7
あれる,安心,,ない,6.5,7
肌荒れ,優しい,,,6.5,7
肌荒れ,よくなる,,,6.5,7
肌荒れ,治る,,,6.75,7
肌荒れ,,一切,ない,7,7
肌荒れ,治る,本当,,7,7
肌荒れ,改善,,,7,7
荒れ,気味,,,1.5,7
荒れ,,にくい,,5.75,7
荒れ,起こる,ほとんど,ない,6,7
荒れ,防止,,,6.5,7
荒れ,知る,,ない,6.5,7
荒れ,トラブル,,ない,6.5,7
荒れ,ベタつき,,ない,6.5,7
荒れ,起こる,,ない,6.5,7
荒れ,予防,,,5.5,7
荒れ,予防,最適,,6.5,7
荒れ,,,,1,7
荒れ,,,ない,6.5,7
荒れ,,全く,ない,6.83,7
荒れ,目立つ,,,1.5,7
荒れ,ピリピリ,,,1.5,7
荒れ,落ち着く,すぐ,ない,3.5,7
荒れ,治る,,ない,3.5,7
荒れ,落ち着く,少しずつ,,6,7
荒れ,使える,多少,,6,7
荒れ,使いやすい,,,6,7
荒れ,レスキュー,,,6,7
荒れ,効果,,,6.5,7
荒れ,きく,,,6.5,7
荒れ,落ち着く,,,6.5,7
荒れ,安心,,ない,6.5,7
荒れ,優しい,,,6.5,7
荒れ,よくなる,,,6.5,7
荒れ,治る,,,6.75,7
荒れ,,一切,ない,7,7
荒れ,治る,本当,,7,7
荒れ,改善,,,7,7
トラブル,起きる,一切,ない,5,7
トラブル,,一切,ない,5,7
トラブル,,全く,ない,5,7
トラブル,知らない,本当,,5,7
トラブル,安心,,,5.5,7
トラブル,起こる,,ない,4.5,7
トラブル,なりにくい,,,6,7
トラブル,強い,,,5,7
トラブル,同時多発,,,1,7
トラブル,見舞われる,,ない,5.5,7
トラブル,でる,,ない,5.5,7
トラブル,発生,,ない,5.5,7
トラブル,無い,,,5.5,7
トラブル,,,ない,5.33,7
トラブル,防ぐ,,,6,7
トラブル,回避,,,5,7
トラブル,少ない,,ない,5,7
トラブル,減る,,,5,7
トラブル,落ち着く,,,5.5,7
トラブル,激減,,,5.5,7
トラブル,少ない,,,5.5,7
トラブル,守る,,,5.5,7
トラブル,安心,,,6,7
トラブル,いい,,,6,7
トラブル,改善,,,6,7
トラブル,整える,,,6,7
吹き出物,よくなる,,ない,1.5,7
ニキビ,大量発生,,,0.9,7
ニキビ,良い,絶対,ない,1.1,7
ニキビ,止まる,,ない,1.5,7
ニキビ,効果,,ない,1.9,7
ニキビ,できる,,,2.1,7
ニキビ,ポツポツ,,,2.1,7
ニキビ,出来る,,,2.4,7
ニキビ,増える,,,2.5,7
ニキビ,効果,多少,,3.6,7
ニキビ,効果,あまり,ない,3.7,7
ニキビ,悪化,,ない,4.4,7
ニキビ,引く,,,4.5,7
ニキビ,赤み,,ない,4.6,7
ニキビ,減る,,,4.8,7
ニキビ,対策,,,4.9,7
ニキビ,できる,あまり,ない,5.2,7
ニキビ,いい,,,5.2,7
ニキビ,落ち着く,,,5.4,7
ニキビ,,,ない,5.5,7
ニキビ,,,,2.5,7
ニキビ,目立つ,殆ど,ない,5.5,7
ニキビ,できる,,ない,5.5,7
ニキビ,少ない,,,5.5,7
ニキビ,出来る,,ない,5.6,7
ニキビ,薄い,,,5.6,7
ニキビ,できる,はっきり,ない,5.8,7
ニキビ,解消,,,5.8,7
ニキビ,出る,,ない,5.9,7
ニキビ,おすすめ,,,5.9,7
ニキビ,消える,,,5.9,7
ニキビ,出来る,本当,ない,6.1,7
ニキビ,防ぐ,,,6.1,7
ニキビ,予防,,,6.1,7
ニキビ,治る,,,6.2,7
ニキビ,減る,驚くほど,,6.6,7
にきび,大量発生,,,0.9,7
にきび,良い,絶対,ない,1.1,7
にきび,止まる,,ない,1.5,7
にきび,効果,,ない,1.9,7
にきび,できる,,,2.1,7
にきび,ポツポツ,,,2.1,7
にきび,出来る,,,2.4,7
にきび,増える,,,2.5,7
にきび,効果,多少,,3.6,7
にきび,効果,あまり,ない,3.7,7
にきび,悪化,,ない,4.4,7
にきび,引く,,,4.5,7
にきび,赤み,,ない,4.6,7
にきび,減る,,,4.8,7
にきび,対策,,,4.9,7
にきび,できる,あまり,ない,5.2,7
にきび,いい,,,5.2,7
にきび,落ち着く,,,5.4,7
にきび,,,ない,5.5,7
にきび,,,,2.5,7
にきび,目立つ,殆ど,ない,5.5,7
にきび,できる,,ない,5.5,7
にきび,少ない,,,5.5,7
にきび,出来る,,ない,5.6,7
にきび,薄い,,,5.6,7
にきび,できる,はっきり,ない,5.8,7
にきび,解消,,,5.8,7
にきび,出る,,ない,5.9,7
にきび,おすすめ,,,5.9,7
にきび,消える,,,5.9,7
にきび,出来る,本当,ない,6.1,7
にきび,防ぐ,,,6.1,7
にきび,予防,,,6.1,7
にきび,治る,,,6.2,7
にきび,減る,驚くほど,,6.6,7
肌荒れ,効く,,ない,0.5,7
肌荒れ,効く,,,6.5,7
浸透,美容成分,,ない,0.5,8
美容成分,,そんなに,ない,1.5,8
美容成分,ベタベタ,,,2.5,8
美容成分,残る,,,3,8
美容成分,美容液,,,5,8
美容成分,浸透,あっという間,,5.5,8
美容成分,届く,きちんと,,6,8
美容成分,届く,しっかり,,6,8
美容成分,凝縮,,,5.5,8
美容成分,届く,,,5.5,8
美容成分,優しい,,,5.5,8
美容成分,濃縮,,,5.5,8
美容成分,たくさん,,,5.75,8
美容成分,染み渡る,ぐんぐん,,6,8
美容成分,,沢山,,6,8
美容成分,充実,大変,,6,8
美容成分,入る,ばっちり,,6,8
美容成分,いっぱい,,,6,8
美容成分,優れる,,,6,8
美容成分,すごい,,,6,8
美容成分,贅沢,,,6,8
美容成分,たっぷり,,,6,8
美容成分,頼もしい,,,6,8
美容成分,配合,,,6,8
美容成分,豊富,,,6,8
美容成分,入る,,,6,8
アンチエイジング効果,,,ない,0.5,8
シワ対策,,物足りない,,2.5,8
エイジング効果,期待,,,4,8
効果,シワ,,,4.5,8
年齢肌,期待,,,4.5,8
アンチエイジング効果,,,,5.5,8
アラフォー世代,おすすめ,,,4.5,8
エイジング,,かなり,,7,8
エイジング,,とても,,7,8
エイジング,,すごく,,7,8
エイジング,,めっちゃ,,7,8
エイジング,,まあまあ,,6,8
エイジング,,まぁまぁ,,6,8
エイジング,,やや,,5,8
エイジング,,若干,,5,8
エイジング,,,,5,8
エイジング,,かなり,ない,0,8
エイジング,,とても,ない,0,8
エイジング,,すごく,ない,0,8
エイジング,,めっちゃ,ない,0,8
エイジング,,まあまあ,ない,1,8
エイジング,,まぁまぁ,ない,1,8
エイジング,,やや,ない,2,8
エイジング,,若干,ない,2.5,8
エイジング,,,ない,1,8
コストパフォーマンス,悪い,,,0.6,9
値段,効果,,ない,0.9,9
価格,手が出にくい,,,1.1,9
価格,,,,1.1,9
価格,難しい,なかなか,,1.4,9
価格,リピ,,ない,1.4,9
コスパ,悪い,,,1.4,9
価格,続く,なかなか,ない,1.5,9
コスパ,いまいち,,,1.6,9
安い,,,ない,1.6,9
値段,高い,,,1.7,9
価格,高い,少し,,1.8,9
価格,高い,,,1.8,9
値段,高い,少し,,1.9,9
値段,イマイチ,,,1.9,9
コスパ,悪い,少し,,2.1,9
金額,高い,ちょっと,,2.1,9
価格,高い,ちょっと,,2.1,9
プチプラ,いい,もっと,,2.1,9
コスパ,良い,,ない,2.1,9
価格,イマイチ,,,2.2,9
値段,張る,少々,,2.2,9
値段,プチぷら,,ない,2.2,9
値段,高い,ちょっと,,2.3,9
コスパ,微妙,,,2.3,9
値段,使う,たくさん,ない,2.4,9
値段,,それなり,,2.5,9
コスパ,悪い,,ない,2.6,9
値段,イイ,結構,,2.8,9
値段,それなり,,,2.9,9
値段,,まあまあ,,3.1,9
コスパ,悪い,そんなに,ない,3.2,9
コスパ,いい,まあまあ,,3.2,9
値段,高い,そんなに,ない,3.2,9
コスパ,普通,,,3.2,9
値段,相応,,,3.4,9
安い,刺激,,ない,3.4,9
価格,手の出せない,決して,ない,3.4,9
値段,高い,,ない,3.5,9
値段,低い,,,3.5,9
価格,適当,,,3.6,9
コスパ,安い,,,3.6,9
コスパ,いい,,,5,9
コスパ,良い,,,5,9
値段,手をつけやすい,,,3.9,9
値段,良い,,,4.1,9
値段,手頃,,,5,9
値段,申し分,,ない,4.1,9
値段,使う,,,4.2,9
プチプラ,,,,4.2,9
値段,お手頃,,,4.2,9
価格,みあった,,,4.2,9
価格,高い,,ない,4.3,9
価格,お手頃,,,4.4,9
安い,,かなり,,4.4,9
価格,手頃,,,4.4,9
低価格,手早い,,,4.4,9
値段,リーズナブル,,,4.4,9
値段,良心的,,,4.4,9
低価格,財布に響かない,,,4.4,9
価格,安い,,,4.5,9
安い,,全然,,4.5,9
安い,手に入る,,,4.5,9
価格,満足,,,4.5,9
安い,整える,,,4.5,9
値段,プチプラ,,,4.5,9
価格,リーズナブル,,,4.5,9
値段,安い,,,4.5,9
値段,買いやすい,,,4.6,9
安い,潤う,ちゃんと,,4.6,9
価格,良い,,,4.6,9
安い,上質,,,4.6,9
価格,良心的,,,4.6,9
価格,続く,,,4.7,9
安い,,,,4,9
安い,いい,かなり,,4.8,9
値段,驚く,,,4.8,9
プチプラ,,,,4.8,9
価格,魅力,,,4.8,9
値段,効果,以上,,4.8,9
値段,働き,以上,,4.9,9
価格,お手頃,とても,,4.9,9
価格,嬉しい,,,4.9,9
,財布に優しい,,,4.9,9
コスパ,文句なし,,,4.9,9
価格,文句なし,,,4.9,9
コスパ,良い,かなり,,5.1,9
値段,以上,,,5.1,9
価格,買い求めやすい,,,5.1,9
価格,お勧め,とっても,,5.1,9
プチプラ,,とても,,5.2,9
低価格,,,,5.2,9
値段,魅力,,,5.2,9
コスパ,いい,すこぶる,,5.4,9
値段,素晴らしい,,,5.4,9
価格,大満足,,,5.4,9
コスパ,抜群,,,5.4,9
コスパ,すばらしい,とても,,6,9
値段,手頃,凄く,,5.5,9
コスパ,まあまあ,めちゃくちゃ,,5.6,9
コスパ,いい,かなり,,5.6,9
コスパ,いい,とても,,5.6,9
コスパ,素晴らしい,,,5.6,9
コスパ,良い,抜群,,5.8,9
コスパ,最高,,,6.1,9
匂い,アルコール,けっこうキツイ,,0.5,0
匂い,アルコール,強い,,0.5,0
匂い,合う,,,0.5,0
香り,接着剤,,,0.5,0
香り,納豆,,,0.5,0
匂い,アルコール,かなり,,1,0
匂い,納豆菌,,,1,0
匂い,強い,けっこう,,1.5,0
匂い,鼻を突く,凄い,,1.5,0
香り,,強すぎる,,1.5,0
匂い,ダメ,どーしても,,1.5,0
香り,アルコール,,,1.5,0
匂い,漢方,,,1.5,0
匂い,キツい,,,1.5,0
匂い,干し芋,,,1.5,0
香り,アルコール,少し,,1.75,0
匂い,ダメ,,,1.83,0
匂い,好き,あまり,ない,2,0
エタノール臭,強い,少し,,2,0
匂い,気になる,少し,,2,0
匂い,慣れない,どうしても,,2,0
匂い,得意,,ない,2,0
香り,独特,とても,,2,0
匂い,甘酒,,,2,0
匂い,受け付けない,,,2,0
香り,変わる,,,2,0
匂い,酒,,,2,0
匂い,昭和,,,2,0
香り,ダメ,,,2,0
におい,苦手,,,2,0
匂い,苦手,,,2,0
香り,苦手,,,2.25,0
匂い,独特,,,2.33,0
香り,飛ぶ,すぐ,,2.5,0
香り,苦手,少し,,2.5,0
香り,独特,少し,,2.5,0
匂い,,少し,,2.5,0
匂い,変わる,少し,,2.5,0
香り,強い,ちょっと,,2.5,0
匂い,苦手,ちょっと,,2.5,0
クサイ,,,,1,0
クサい,,,,1,0
くさい,,,,1,0
クサイ,,,ない,5,0
クサい,,,ない,5,0
くさい,,,ない,5,0
クサイ,,めっちゃ,,0,0
クサい,,めっちゃ,,0,0
くさい,,めっちゃ,,0,0
クサイ,,めっちゃ,ない,5.5,0
クサい,,めっちゃ,ない,5.5,0
くさい,,めっちゃ,ない,5.5,0
クサイ,,やや,,1.5,0
クサい,,やや,,1.5,0
くさい,,やや,,1.5,0
クサイ,,やや,ない,4,0
クサい,,やや,ない,4,0
くさい,,やや,ない,4,0
クサイ,,若干,,1.5,0
クサい,,若干,,1.5,0
くさい,,若干,,1.5,0
クサイ,,若干,ない,4,0
クサい,,若干,ない,4,0
くさい,,若干,ない,4,0
クサイ,,少し,,1.5,0
クサい,,少し,,1.5,0
くさい,,少し,,1.5,0
クサイ,,少し,ない,4,0
クサい,,少し,ない,4,0
くさい,,少し,ない,4,0
クサイ,,とても,,0,0
クサい,,とても,,0,0
くさい,,とても,,0,0
クサイ,,とても,ない,5.5,0
クサい,,とても,ない,5.5,0
くさい,,とても,ない,5.5,0
クサイ,,かなり,,0,0
クサい,,かなり,,0,0
くさい,,かなり,,0,0
クサイ,,かなり,ない,5.5,0
クサい,,かなり,ない,5.5,0
くさい,,かなり,ない,5.5,0
匂い,強い,とても,,2.5,0
香り,日本酒,ほんのり,,2.5,0
匂い,お酒,,ない,2.5,0
匂い,気になる,,,2.5,0
香り,個性的,,,2.5,0
香り,好き嫌いの分かれる,,,2.5,0
香り,強い,,,2.5,0
香り,薬品,,,2.5,0
香り,苦手,ちょっと,,2.83,0
香り,独特,,,2.88,0
香り,,あまり,ない,3,0
香り,,結構,,3,0
無臭,残念,,,3,0
匂い,無臭,,,3,0
匂い,,,ない,3,0
匂い,,ほとんど,ない,3.33,0
匂い,,いい,,3.5,0
匂い,オススメ,かなり,,3.5,0
匂い,気になる,全然,ない,3.5,0
香り,,特に,ない,3.5,0
匂い,気にする,特に,ない,3.5,0
匂い,アルコール,平気,,3.5,0
香り,天然,ほのか,,3.5,0
香り,あま〜い,,,3.5,0
匂い,気にする,,ない,3.5,0
匂い,気になる,,ない,3.5,0
香り,高級,,,3.5,0
香り,大丈夫,,,3.5,0
匂い,清楚,,,3.5,0
匂い,好き,,,3.5,0
匂い,苦手,,ない,3.5,0
香り,きつい,,ない,3.5,0
香り,自然,安心,,4,0
匂い,さっぱり,かすか,,4,0
匂い,苦手,十分,,4,0
香り,,大丈夫,,4,0
匂い,使いやすい,ほとんど,ない,4,0
香り,,ほとんど,ない,4,0
香り,イモーテル,ほのか,,4,0
香り,バラ,ほんのり,,4,0
香り,,ほんのり,,4,0
匂い,安心,,,4,0
香り,きつい,,ない,4,0
匂い,きつい,,ない,4,0
匂い,気に入る,,,4,0
香り,くせ,,ない,4,0
匂い,さわやか,,,4,0
香り,好き,,,4,0
香り,大好き,,,4,0
香り,バラ,,,4,0
匂い,ハトムギ化粧水,,,4,0
ローズの香り,濃厚,,,4,0
香り,柔らかい,,,4,0
ローズの香り,癒す,,,4.25,0
ローズの香り,優しい,,,4.25,0
香り,優しい,,,4.31,0
香り,爽やか,微か,,4.5,0
香り,,好み,,4.5,0
香り,いい,,,4.33,0
香り,いい,とても,,5.75,0
香り,いい,,,4.5,0
香り,いい,とにかく,,6,0
香り,いい,とっても,,6.25,0
匂い,いい,とても,,6,0
匂い,いい,凄い,,6,0
匂い,いい,,,4,0
香り,いい,,ない,1.17,0
香り,いい,とても,ない,0.75,0
香り,いい,,ない,1,0
香り,いい,とにかく,ない,0.5,0
香り,いい,とっても,ない,0.25,0
匂い,いい,とても,ない,0.5,0
匂い,いい,凄い,ない,0.5,0
匂い,いい,,ない,1.5,0
香り,良い,,,4.33,0
香り,良い,とても,,5.75,0
香り,良い,,,4.5,0
香り,良い,とにかく,,6,0
香り,良い,とっても,,6.25,0
匂い,良い,とても,,6,0
匂い,良い,凄い,,6,0
匂い,良い,,,4,0
香り,良い,,ない,1.17,0
香り,良い,とても,ない,0.75,0
香り,良い,,ない,1,0
香り,良い,とにかく,ない,0.5,0
香り,良い,とっても,ない,0.25,0
匂い,良い,とても,ない,0.5,0
匂い,良い,凄い,ない,0.5,0
匂い,良い,,ない,1.5,0
ローズの香り,優しい,ほのか,,4.5,0
香り,柑橘系,ほのか,ない,4.5,0
香り,グレープフルーツ,ほんのり,,4.5,0
匂い,好き,ほんのり,,4.5,0
香り,優しい,ほんのり,,4.5,0
香り,癒す,ほんのり,,4.5,0
香り,イチゴ,,,4.5,0
ローズの優雅な香り,癒す,,,4.5,0
匂い,癒す,,,4.5,0
香り,柑橘系,,,4.5,0
匂い,落ち着く,,,4.5,0
香り,気に入る,,,4.5,0
香り,爽やか,,,4.5,0
匂い,大好き,,,4.5,0
香り,ティーツリー,,,4.5,0
ローズの香り,華やか,,,4.5,0
香り,ふわ,,,4.5,0
バラの香り,柔らかい,,,4.5,0
香り,優しいハーブ,,,4.5,0
香り,上品,,,4.67,0
香り,癒す,,,4.78,0
匂い,上質,かなり,,5,0
香り,期待通り,最高,,5,0
香り,好き,すごく,,5,0
香り,癒す,とっても,,5,0
香り,心地よい,とても,,5,0
ローズの甘い香り,癒す,,,5,0
みずみずしい,香り,,,5,0
香り,お気に入り,,,5,0
ローズの香り,上品,,,5,0
匂い,清潔感,,,5,0
香り,天然ハーブ,,,5,0
香り,力強い,,,5,0
香り,好み,とっても,,5.5,0
香り,華やか,とても,,5.5,0
香り,癒す,とても,,5.5,0
香り,癒す,とても良い,,5.5,0
香り,良い,物凄く,,5.5,0
香り,優しい,とても,,5.75,0
香り,,,ない,3.68,0
癒す,ハーブ,,,3.5,0
癒す,気持ちまで,,,4,0
癒す,心,,,4,0
癒す,深い,,,4,0
癒す,心,さりげに,,4.5,0
癒す,１日の疲れ,,,4.5,0
癒し効果,大,,,4.5,0
癒し効果,入る,,,4.5,0
癒す,小じわ,,,4.5,0
癒す,疲れた心,,,4.5,0
癒す,ほーーーーっとする,,,4.5,0
癒し系,,,,4.5,0
癒す,,,,4.75,0
癒す,,まさに,,5,0
癒し効果,満足,,,5,0
癒し効果,受ける,,,5,0
癒し効果,抜群,,,5,0
癒す,タイム,,,5,0
癒す,フレッシュ,,,5,0
癒す,優しい,,,5,0
癒し効果,,,,5,0
癒し効果,高い,,,5.5,0
癒す,おすすめ,,,5.5,0
癒す,,とても,,6.25,0
香り,いい,すごく,,5.75,0
香り,いい,めっちゃ,,6,0
香り,いい,かなり,,6.25,0
香り,いい,すごく,ない,0.75,0
香り,いい,めっちゃ,ない,0.5,0
香り,いい,かなり,ない,0.25,0
香り,良い,すごく,,5.75,0
香り,良い,めっちゃ,,6,0
香り,良い,かなり,,6.25,0
香り,良い,すごく,ない,0.75,0
香り,良い,めっちゃ,ない,0.5,0
香り,良い,かなり,ない,0.25,0
匂い,いい,すごく,,5.75,0
匂い,いい,めっちゃ,,6,0
匂い,いい,かなり,,6.25,0
匂い,いい,すごく,ない,0.75,0
匂い,いい,めっちゃ,ない,0.5,0
匂い,いい,かなり,ない,0.25,0
匂い,良い,すごく,,5.75,0
匂い,良い,めっちゃ,,6,0
匂い,良い,かなり,,6.25,0
匂い,良い,すごく,ない,0.75,0
匂い,良い,めっちゃ,ない,0.5,0
匂い,良い,かなり,ない,0.25,0
臭い,苦手,ちょっと,,2.5,0
臭い,,,,1,0
臭い,,,ない,4,0
臭い,,めっちゃ,,0,0
臭い,,めっちゃ,ない,5,0
臭い,,やや,,2,0
臭い,,やや,ない,4,0
臭い,,若干,,2,0
臭い,,若干,ない,4,0
臭い,,少し,,2,0
臭い,,少し,ない,4,0
臭い,,とても,,0,0
臭い,,とても,ない,5.5,0
臭い,,かなり,,0,0
臭い,,かなり,ない,5.5,0
臭い,独特,,,2.5,0
ニオイ,苦手,ちょっと,,2.5,0
ニオイ,,,,1,0
ニオイ,,,ない,5,0
ニオイ,,めっちゃ,,0,0
ニオイ,,めっちゃ,ない,5,0
ニオイ,,やや,,2,0
ニオイ,,やや,ない,4,0
ニオイ,,若干,,2,0
ニオイ,,若干,ない,4,0
ニオイ,,少し,,2,0
ニオイ,,少し,ない,4,0
ニオイ,,とても,,0,0
ニオイ,,とても,ない,5.5,0
ニオイ,,かなり,,0,0
ニオイ,,かなり,ない,5.5,0
ニオイ,独特,,,2.5,0
ニオイ,いい,すごく,,5.75,0
ニオイ,いい,めっちゃ,,6,0
ニオイ,いい,かなり,,6.25,0
ニオイ,いい,すごく,ない,0.75,0
ニオイ,いい,めっちゃ,ない,0.5,0
ニオイ,いい,かなり,ない,0.25,0
ニオイ,良い,すごく,,5.75,0
ニオイ,良い,めっちゃ,,6,0
ニオイ,良い,かなり,,6.25,0
ニオイ,良い,すごく,ない,0.75,0
ニオイ,良い,めっちゃ,ない,0.5,0
ニオイ,良い,かなり,ない,0.25,0